{
  "$type": "System.Collections.Generic.Dictionary`2[[System.String, mscorlib],[System.Collections.Generic.SortedList`2[[System.Int64, mscorlib],[DatabaseEntry, Assembly-CSharp]], System]], mscorlib",
  "HighScore": {
    "$type": "System.Collections.Generic.SortedList`2[[System.Int64, mscorlib],[DatabaseEntry, Assembly-CSharp]], System",
    "0": {
      "$type": "HighScore, Assembly-CSharp",
      "Score": 3.0,
      "Date": "2016-01-24T09:45:25.0000479Z",
      "Id": 0
    },
    "1": {
      "$type": "HighScore, Assembly-CSharp",
      "Score": 1.0,
      "Date": "2016-01-24T09:45:32.6614861Z",
      "Id": 1
    },
    "2": {
      "$type": "HighScore, Assembly-CSharp",
      "Score": 3.0,
      "Date": "2016-01-24T16:18:30.3760896Z",
      "Id": 2
    },
    "3": {
      "$type": "HighScore, Assembly-CSharp",
      "Score": 3.0,
      "Date": "2016-01-24T16:23:51.7592247Z",
      "Id": 3
    },
    "4": {
      "$type": "HighScore, Assembly-CSharp",
      "Score": 2.0,
      "Date": "2016-01-24T17:06:50.8121042Z",
      "Id": 4
    },
    "5": {
      "$type": "HighScore, Assembly-CSharp",
      "Score": 14.0,
      "Date": "2016-01-24T17:08:43.8464065Z",
      "Id": 5
    },
    "6": {
      "$type": "HighScore, Assembly-CSharp",
      "Score": 6.0,
      "Date": "2016-01-24T17:46:21.5041497Z",
      "Id": 6
    },
    "7": {
      "$type": "HighScore, Assembly-CSharp",
      "Score": 2.0,
      "Date": "2016-01-24T18:14:38.0017825Z",
      "Id": 7
    },
    "8": {
      "$type": "HighScore, Assembly-CSharp",
      "Score": 5.0,
      "Date": "2016-01-24T18:22:16.282606Z",
      "Id": 8
    },
    "9": {
      "$type": "HighScore, Assembly-CSharp",
      "Score": 9.0,
      "Date": "2016-01-24T18:22:50.8770651Z",
      "Id": 9
    },
    "10": {
      "$type": "HighScore, Assembly-CSharp",
      "Score": 4.0,
      "Date": "2016-01-24T18:24:25.795556Z",
      "Id": 10
    },
    "11": {
      "$type": "HighScore, Assembly-CSharp",
      "Score": 2.0,
      "Date": "2016-01-24T18:33:07.2746987Z",
      "Id": 11
    },
    "12": {
      "$type": "HighScore, Assembly-CSharp",
      "Score": 7.0,
      "Date": "2016-01-24T20:32:13.4181047Z",
      "Id": 12
    },
    "13": {
      "$type": "HighScore, Assembly-CSharp",
      "Score": 6.0,
      "Date": "2016-01-24T20:33:21.5700028Z",
      "Id": 13
    },
    "14": {
      "$type": "HighScore, Assembly-CSharp",
      "Score": 11.0,
      "Date": "2016-01-24T20:38:03.9341531Z",
      "Id": 14
    },
    "15": {
      "$type": "HighScore, Assembly-CSharp",
      "Score": 12.0,
      "Date": "2016-01-24T20:42:52.4036526Z",
      "Id": 15
    },
    "16": {
      "$type": "HighScore, Assembly-CSharp",
      "Score": 7.0,
      "Date": "2016-01-24T21:27:58.5124332Z",
      "Id": 16
    },
    "17": {
      "$type": "HighScore, Assembly-CSharp",
      "Score": 70.7167358,
      "Date": "2016-01-24T22:09:29.0118816Z",
      "Id": 17
    }
  }
}